{"cameraMode":{"drawMode":0,"name":"Shaded","section":"Shading Mode"},"sceneLighting":true,"audioPlay":false,"sceneViewState":{"showFog":true,"showMaterialUpdate":false,"showSkybox":true,"showFlares":true,"showImageEffects":true,"showParticleSystems":true},"in2DMode":false,"pivot":{"x":-3.650848388671875,"y":4.292102813720703,"z":-5.282531261444092},"rotation":{"x":-0.05715900659561157,"y":0.7847540974617004,"z":-0.07319233566522598,"w":-0.6128327250480652},"size":39.789520263671878,"orthographic":false}