{"cameraMode":{"drawMode":0,"name":"Shaded","section":"Shading Mode"},"sceneLighting":true,"audioPlay":false,"sceneViewState":{"showFog":true,"showMaterialUpdate":false,"showSkybox":true,"showFlares":true,"showImageEffects":true,"showParticleSystems":true},"in2DMode":false,"pivot":{"x":26.7962646484375,"y":6.444494247436523,"z":-2.1050586700439455},"rotation":{"x":-0.00022098887711763382,"y":-0.9983025193214417,"z":0.058467790484428409,"w":-0.004198272246867418},"size":27.044160842895509,"orthographic":false}