{"cameraMode":{"drawMode":0,"name":"Shaded","section":"Shading Mode"},"sceneLighting":true,"audioPlay":false,"sceneViewState":{"showFog":true,"showMaterialUpdate":false,"showSkybox":true,"showFlares":true,"showImageEffects":true,"showParticleSystems":true},"in2DMode":false,"pivot":{"x":40.66166305541992,"y":5.392355918884277,"z":-2.8818588256835939},"rotation":{"x":-0.008572220802307129,"y":0.985049307346344,"z":-0.16433876752853394,"w":-0.05146724730730057},"size":21.12506103515625,"orthographic":false}