{"cameraMode":{"drawMode":0,"name":"Shaded","section":"Shading Mode"},"sceneLighting":true,"audioPlay":false,"sceneViewState":{"showFog":true,"showMaterialUpdate":false,"showSkybox":true,"showFlares":true,"showImageEffects":true,"showParticleSystems":true},"in2DMode":false,"pivot":{"x":-4.0768585205078129,"y":9.827853202819825,"z":5.730236053466797},"rotation":{"x":-0.005525004584342241,"y":0.9850909113883972,"z":-0.16890457272529603,"w":-0.032223012298345569},"size":39.7044792175293,"orthographic":false}