{"cameraMode":{"drawMode":0,"name":"Shaded","section":"Shading Mode"},"sceneLighting":true,"audioPlay":false,"sceneViewState":{"showFog":true,"showMaterialUpdate":false,"showSkybox":true,"showFlares":true,"showImageEffects":true,"showParticleSystems":true},"in2DMode":false,"pivot":{"x":40.18457794189453,"y":3.3553736209869386,"z":-2.320126533508301},"rotation":{"x":-0.017794189974665643,"y":0.9803528189659119,"z":-0.10511119663715363,"w":-0.16596297919750215},"size":26.717317581176759,"orthographic":false}