{"cameraMode":{"drawMode":0,"name":"Shaded","section":"Shading Mode"},"sceneLighting":true,"audioPlay":false,"sceneViewState":{"showFog":true,"showMaterialUpdate":false,"showSkybox":true,"showFlares":true,"showImageEffects":true,"showParticleSystems":true},"in2DMode":false,"pivot":{"x":13.721755981445313,"y":5.599933624267578,"z":-0.13053512573242188},"rotation":{"x":-0.008572220802307129,"y":0.985049307346344,"z":-0.16433876752853394,"w":-0.05146724730730057},"size":71.1531982421875,"orthographic":false}